-- MySQL Script generated by MySQL Workbench
-- Wed Apr  5 13:06:23 2017
-- Model: New Model    Version: 1.0
-- MySQL Workbench Forward Engineering

SET @OLD_UNIQUE_CHECKS=@@UNIQUE_CHECKS, UNIQUE_CHECKS=0;
SET @OLD_FOREIGN_KEY_CHECKS=@@FOREIGN_KEY_CHECKS, FOREIGN_KEY_CHECKS=0;
SET @OLD_SQL_MODE=@@SQL_MODE, SQL_MODE='TRADITIONAL,ALLOW_INVALID_DATES';

-- -----------------------------------------------------
-- Schema RoomResDB
-- -----------------------------------------------------

-- -----------------------------------------------------
-- Schema RoomResDB
-- -----------------------------------------------------
CREATE SCHEMA IF NOT EXISTS `RoomResDB` DEFAULT CHARACTER SET utf8 ;
USE `RoomResDB` ;

-- -----------------------------------------------------
-- Table `RoomResDB`.`Building`
-- -----------------------------------------------------
CREATE TABLE IF NOT EXISTS `RoomResDB`.`Building` (
  `Id` INT NOT NULL AUTO_INCREMENT,
  `Name` VARCHAR(45) NOT NULL,
  PRIMARY KEY (`Id`))
ENGINE = InnoDB;


-- -----------------------------------------------------
-- Table `RoomResDB`.`Position`
-- -----------------------------------------------------
CREATE TABLE IF NOT EXISTS `RoomResDB`.`Position` (
  `idPosition` INT NOT NULL,
  `Floor` INT NULL,
  `Block` VARCHAR(1) NULL,
  `NumberInFofB` INT NULL,
  `Building_Id` INT NOT NULL,
  PRIMARY KEY (`idPosition`),
  INDEX `fk_Position_Building1_idx` (`Building_Id` ASC),
  CONSTRAINT `fk_Position_Building1`
    FOREIGN KEY (`Building_Id`)
    REFERENCES `RoomResDB`.`Building` (`Id`)
    ON DELETE NO ACTION
    ON UPDATE NO ACTION)
ENGINE = InnoDB;


-- -----------------------------------------------------
-- Table `RoomResDB`.`Room`
-- -----------------------------------------------------
CREATE TABLE IF NOT EXISTS `RoomResDB`.`Room` (
  `Id` INT NOT NULL AUTO_INCREMENT,
  `Size` INT NULL,
  `Name` VARCHAR(45) NULL,
  `Ammenities` LONGTEXT NULL,
  `Position_idPosition` INT NOT NULL,
  PRIMARY KEY (`Id`, `Position_idPosition`),
  INDEX `fk_Room_Position1_idx` (`Position_idPosition` ASC),
  CONSTRAINT `fk_Room_Position1`
    FOREIGN KEY (`Position_idPosition`)
    REFERENCES `RoomResDB`.`Position` (`idPosition`)
    ON DELETE NO ACTION
    ON UPDATE NO ACTION)
ENGINE = InnoDB;


-- -----------------------------------------------------
-- Table `RoomResDB`.`Campus`
-- -----------------------------------------------------
CREATE TABLE IF NOT EXISTS `RoomResDB`.`Campus` (
  `Id` INT NOT NULL,
  `Name` VARCHAR(45) NOT NULL,
  PRIMARY KEY (`Id`))
ENGINE = InnoDB;


-- -----------------------------------------------------
-- Table `RoomResDB`.`User`
-- -----------------------------------------------------
CREATE TABLE IF NOT EXISTS `RoomResDB`.`User` (
  `Id` INT NOT NULL,
  `Name` VARCHAR(45) NOT NULL,
  `Administrator` BINARY(1) NULL DEFAULT 0,
  `Password` VARCHAR(45) NOT NULL,
  `Campus_Id` INT NOT NULL,
  PRIMARY KEY (`Id`),
  UNIQUE INDEX `Name_UNIQUE` (`Name` ASC),
  INDEX `fk_User_Campus1_idx` (`Campus_Id` ASC),
  CONSTRAINT `fk_User_Campus1`
    FOREIGN KEY (`Campus_Id`)
    REFERENCES `RoomResDB`.`Campus` (`Id`)
    ON DELETE NO ACTION
    ON UPDATE NO ACTION)
ENGINE = InnoDB;


-- -----------------------------------------------------
-- Table `RoomResDB`.`Booking`
-- -----------------------------------------------------
CREATE TABLE IF NOT EXISTS `RoomResDB`.`Booking` (
  `Id` INT NOT NULL AUTO_INCREMENT,
  `FromTimeNumber` INT NULL,
  `ToTimeNumber` INT NULL,
  `Room_Id1` INT NOT NULL,
  `Room_Position_idPosition` INT NOT NULL,
  `User_Id` INT NOT NULL,
  `Confirmed` BINARY(1) NULL DEFAULT 0,
  `Breached` BINARY(1) NULL DEFAULT 0,
  PRIMARY KEY (`Id`),
  INDEX `fk_Booking_Room2_idx` (`Room_Id1` ASC, `Room_Position_idPosition` ASC),
  INDEX `fk_Booking_User1_idx` (`User_Id` ASC),
  CONSTRAINT `fk_Booking_Room2`
    FOREIGN KEY (`Room_Id1`)
    REFERENCES `RoomResDB`.`Room` (`Id`)
    ON DELETE NO ACTION
    ON UPDATE NO ACTION,
  CONSTRAINT `fk_Booking_User1`
    FOREIGN KEY (`User_Id`)
    REFERENCES `RoomResDB`.`User` (`Id`)
    ON DELETE NO ACTION
    ON UPDATE NO ACTION)
ENGINE = InnoDB;


SET SQL_MODE=@OLD_SQL_MODE;
SET FOREIGN_KEY_CHECKS=@OLD_FOREIGN_KEY_CHECKS;
SET UNIQUE_CHECKS=@OLD_UNIQUE_CHECKS;

-- -----------------------------------------------------
-- Data for table `RoomResDB`.`Building`
-- -----------------------------------------------------
START TRANSACTION;
USE `RoomResDB`;
INSERT INTO `RoomResDB`.`Building` (`Id`, `Name`) VALUES (1, 'Realfagsbygget');
INSERT INTO `RoomResDB`.`Building` (`Id`, `Name`) VALUES (2, 'Sentrallbygg1');
INSERT INTO `RoomResDB`.`Building` (`Id`, `Name`) VALUES (3, 'Hovedbyggningen');
INSERT INTO `RoomResDB`.`Building` (`Id`, `Name`) VALUES (4, 'Idrettsbygget');
INSERT INTO `RoomResDB`.`Building` (`Id`, `Name`) VALUES (5, 'Gamle Kjemi');
INSERT INTO `RoomResDB`.`Building` (`Id`, `Name`) VALUES (6, 'El-bygget');

COMMIT;


-- -----------------------------------------------------
-- Data for table `RoomResDB`.`Position`
-- -----------------------------------------------------
START TRANSACTION;
USE `RoomResDB`;
INSERT INTO `RoomResDB`.`Position` (`idPosition`, `Floor`, `Block`, `NumberInFofB`, `Building_Id`) VALUES (1, 0, '1', 0, 1);
INSERT INTO `RoomResDB`.`Position` (`idPosition`, `Floor`, `Block`, `NumberInFofB`, `Building_Id`) VALUES (2, 1, '1', 0, 1);
INSERT INTO `RoomResDB`.`Position` (`idPosition`, `Floor`, `Block`, `NumberInFofB`, `Building_Id`) VALUES (3, 1, '2', 0, 6);

COMMIT;


-- -----------------------------------------------------
-- Data for table `RoomResDB`.`Room`
-- -----------------------------------------------------
START TRANSACTION;
USE `RoomResDB`;
INSERT INTO `RoomResDB`.`Room` (`Id`, `Size`, `Name`, `Ammenities`, `Position_idPosition`) VALUES (1, 4, 'R90', NULL, 1);
INSERT INTO `RoomResDB`.`Room` (`Id`, `Size`, `Name`, `Ammenities`, `Position_idPosition`) VALUES (2, 5, 'R1', NULL, 2);
INSERT INTO `RoomResDB`.`Room` (`Id`, `Size`, `Name`, `Ammenities`, `Position_idPosition`) VALUES (3, 100, 'El101', NULL, 3);

COMMIT;


-- -----------------------------------------------------
-- Data for table `RoomResDB`.`User`
-- -----------------------------------------------------
START TRANSACTION;
USE `RoomResDB`;
INSERT INTO `RoomResDB`.`User` (`Id`, `Name`, `Administrator`, `Password`, `Campus_Id`) VALUES (1, 'Anders', NULL, '1234', DEFAULT);

COMMIT;


-- -----------------------------------------------------
-- Data for table `RoomResDB`.`Booking`
-- -----------------------------------------------------
START TRANSACTION;
USE `RoomResDB`;
INSERT INTO `RoomResDB`.`Booking` (`Id`, `FromTimeNumber`, `ToTimeNumber`, `Room_Id1`, `Room_Position_idPosition`, `User_Id`, `Confirmed`, `Breached`) VALUES (1, 1490947200, 1490954400, 1, 1, 1, NULL, NULL);
INSERT INTO `RoomResDB`.`Booking` (`Id`, `FromTimeNumber`, `ToTimeNumber`, `Room_Id1`, `Room_Position_idPosition`, `User_Id`, `Confirmed`, `Breached`) VALUES (2, 1490947200, 1490954400, 2, 2, 1, NULL, NULL);
INSERT INTO `RoomResDB`.`Booking` (`Id`, `FromTimeNumber`, `ToTimeNumber`, `Room_Id1`, `Room_Position_idPosition`, `User_Id`, `Confirmed`, `Breached`) VALUES (3, 1500648, 1490954400, 3, 3, 1, NULL, NULL);

COMMIT;

